{
    "name": "DMD2TUR",
    "version": "1.0.2",
    "description": "This library brings an ability DMD2 library to use Turkish letters. Compatable with P10 Led Panel.",
    "keywords": "DMD2, Turkish character support, P10 Led Panel, Display ",
    "homepage": "https://www.devrelerim.com/p/dmd2tur.html",
    "repository": {
        "type": "git",
        "url": "https://github.com/HakkanR/DMD2TUR.git"
    },
    "authors": [
        {
            "name": "Hakan OZMEN",
            "email": "hakkanr@gmail.com",
            "url": "https://en.devrelerim.com"
        }
    ],
    "license": "MIT",
    "frameworks": "arduino",
    "platforms": "avr, sam, esp8266",
    "headers": "DMD2TUR.h",
    "examples": [
        {
            "name": "WriteTr",
            "base": "examples/WriteTr",
            "files": [
                "WriteTr.ino"
            ]
        }
    ],
    "dependencies": {
        "freetronics/DMD2": "~0.0.4"
    }
}